Input1,Input2,BranchNum
66.93558,64.81629,1.7084965
30.369642,7.711751,10.8606205
6.2985783,4.7535305,5.767094
174.20088,64.31002,3.5731544
149.80898,109.83701,9.737782
89.63104,69.933685,3.3295405
5.843937,4.095166,4.727489
0.47776157,1.3609575,0.5157641
48.13276,3.205678,7.753477
24.165878,8.464075,10.9342
6.5457144,4.28262,5.0776186
12.474643,6.3531623,7.8742924
63.701088,72.18385,5.169905
0.26190546,1.0946603,0.2838637
64.407074,15.075147,0.2824585
6.3481526,3.5455792,3.6130857
